期号,详情页链接,开奖日期,星期,中奖号码_前区,中奖号码_后区,出球顺序_前区,出球顺序_后区,总销售额(元),奖池奖金(元),1等奖_基本注数,1等奖_基本单注奖金(元),1等奖_基本总奖金(元),1等奖_追加注数,1等奖_追加单注奖金(元),1等奖_追加总奖金(元),1等奖_派奖注数,1等奖_派奖单注金额(元),1等奖_派奖总金额(元),1等奖_追加派奖注数,1等奖_追加派奖单注金额(元),1等奖_追加派奖总金额(元),2等奖_基本注数,2等奖_基本单注奖金(元),2等奖_基本总奖金(元),2等奖_追加注数,2等奖_追加单注奖金(元),2等奖_追加总奖金(元),2等奖_派奖注数,2等奖_派奖单注金额(元),2等奖_派奖总金额(元),2等奖_追加派奖注数,2等奖_追加派奖单注金额(元),2等奖_追加派奖总金额(元),3等奖_基本注数,3等奖_基本单注奖金(元),3等奖_基本总奖金(元),3等奖_追加注数,3等奖_追加单注奖金(元),3等奖_追加总奖金(元),4等奖_基本注数,4等奖_基本单注奖金(元),4等奖_基本总奖金(元),4等奖_追加注数,4等奖_追加单注奖金(元),4等奖_追加总奖金(元),5等奖_基本注数,5等奖_基本单注奖金(元),5等奖_基本总奖金(元),5等奖_追加注数,5等奖_追加单注奖金(元),5等奖_追加总奖金(元),6等奖_基本注数,6等奖_基本单注奖金(元),6等奖_基本总奖金(元),6等奖_追加注数,6等奖_追加单注奖金(元),6等奖_追加总奖金(元),7等奖_基本注数,7等奖_基本单注奖金(元),7等奖_基本总奖金(元),7等奖_追加注数,7等奖_追加单注奖金(元),7等奖_追加总奖金(元),8等奖_基本注数,8等奖_基本单注奖金(元),8等奖_基本总奖金(元),8等奖_追加注数,8等奖_追加单注奖金(元),8等奖_追加总奖金(元),9等奖_基本注数,9等奖_基本单注奖金(元),9等奖_基本总奖金(元),9等奖_追加注数,9等奖_追加单注奖金(元),9等奖_追加总奖金(元)
25076,https://www.zhcw.com/kjxx/dlt/kjxq/?kjData=25076,2025-07-07,星期一,11 18 22 25 29,04 12,22 25 29 11 18,12 04,306337461,1612133474,7,10000000,70000000,1,8000000,8000000,0,0,0,0,0,0,122,124331,15168382,26,99464,2586064,0,0,0,0,0,0,320,10000,3200000,0,0,0,854,3000,2562000,0,0,0,19276,300,5782800,0,0,0,25110,200,5022000,0,0,0,43612,100,4361200,0,0,0,745315,15,11179725,0,0,0,7459040,5,37295200,0,0,0
25075,https://www.zhcw.com/kjxx/dlt/kjxq/?kjData=25075,2025-07-05,星期六,08 12 16 19 35,06 09,12 35 08 16 19,06 09,327099927,1627185578,9,8126105,73134945,2,6500884,13001768,0,0,0,0,0,0,142,86993,12353006,32,69594,2227008,0,0,0,0,0,0,339,10000,3390000,0,0,0,1443,3000,4329000,0,0,0,22627,300,6788100,0,0,0,42556,200,8511200,0,0,0,61680,100,6168000,0,0,0,1044512,15,15667680,0,0,0,9830308,5,49151540,0,0,0
25074,https://www.zhcw.com/kjxx/dlt/kjxq/?kjData=25074,2025-07-02,星期三,02 11 15 18 21,05 10,11 18 02 15 21,10 05,304472528,1661629014,10,8367964,83679640,1,6694371,6694371,0,0,0,0,0,0,80,163981,13118480,22,131184,2886048,0,0,0,0,0,0,200,10000,2000000,0,0,0,1028,3000,3084000,0,0,0,16062,300,4818600,0,0,0,32533,200,6506600,0,0,0,35723,100,3572300,0,0,0,846234,15,12693510,0,0,0,8753700,5,43768500,0,0,0
25073,https://www.zhcw.com/kjxx/dlt/kjxq/?kjData=25073,2025-06-30,星期一,01 04 17 33 34,03 09,01 17 04 34 33,03 09,306793454,1695259566,11,7635760,83993360,2,6108608,12217216,0,0,0,0,0,0,158,76908,12151464,40,61526,2461040,0,0,0,0,0,0,232,10000,2320000,0,0,0,1797,3000,5391000,0,0,0,19904,300,5971200,0,0,0,44942,200,8988400,0,0,0,33222,100,3322200,0,0,0,906441,15,13596615,0,0,0,8863643,5,44318215,0,0,0
25072,https://www.zhcw.com/kjxx/dlt/kjxq/?kjData=25072,2025-06-28,星期六,04 07 15 24 29,01 04,07 04 15 24 29,04 01,337329044,1739661640,6,10000000,60000000,2,8000000,16000000,0,0,0,0,0,0,131,125166,16396746,40,100132,4005280,0,0,0,0,0,0,436,10000,4360000,0,0,0,784,3000,2352000,0,0,0,19172,300,5751600,0,0,0,21593,200,4318600,0,0,0,60486,100,6048600,0,0,0,732974,15,10994610,0,0,0,7745815,5,38729075,0,0,0
25071,https://www.zhcw.com/kjxx/dlt/kjxq/?kjData=25071,2025-06-25,星期三,01 08 25 31 33,05 11,08 01 25 31 33,05 11,313848778,1743326978,3,10000000,30000000,0,0,0,0,0,0,0,0,0,65,211711,13761215,10,169368,1693680,0,0,0,0,0,0,173,10000,1730000,0,0,0,943,3000,2829000,0,0,0,14618,300,4385400,0,0,0,35984,200,7196800,0,0,0,29170,100,2917000,0,0,0,905690,15,13585350,0,0,0,10178530,5,50892650,0,0,0
25070,https://www.zhcw.com/kjxx/dlt/kjxq/?kjData=25070,2025-06-23,星期一,08 09 15 20 22,04 12,22 09 08 20 15,12 04,312961169,1718532211,2,10000000,20000000,0,0,0,0,0,0,0,0,0,112,123539,13836368,34,98831,3360254,0,0,0,0,0,0,442,10000,4420000,0,0,0,773,3000,2319000,0,0,0,20276,300,6082800,0,0,0,23269,200,4653800,0,0,0,55689,100,5568900,0,0,0,786933,15,11803995,0,0,0,8067094,5,40335470,0,0,0
25069,https://www.zhcw.com/kjxx/dlt/kjxq/?kjData=25069,2025-06-21,星期六,04 06 07 33 34,09 10,07 04 33 06 34,10 09,338663590,1677561945,3,10000000,30000000,0,0,0,0,0,0,0,0,0,71,269001,19099071,15,215200,3228000,0,0,0,0,0,0,279,10000,2790000,0,0,0,578,3000,1734000,0,0,0,14719,300,4415700,0,0,0,21655,200,4331000,0,0,0,34166,100,3416600,0,0,0,681179,15,10217685,0,0,0,7510636,5,37553180,0,0,0
25068,https://www.zhcw.com/kjxx/dlt/kjxq/?kjData=25068,2025-06-18,星期三,01 04 17 20 22,04 10,20 04 01 17 22,10 04,318966997,1628402089,2,10000000,20000000,1,8000000,8000000,0,0,0,0,0,0,98,159002,15582196,28,127201,3561628,0,0,0,0,0,0,284,10000,2840000,0,0,0,699,3000,2097000,0,0,0,17313,300,5193900,0,0,0,22395,200,4479000,0,0,0,52242,100,5224200,0,0,0,718573,15,10778595,0,0,0,7732706,5,38663530,0,0,0
25067,https://www.zhcw.com/kjxx/dlt/kjxq/?kjData=25067,2025-06-16,星期一,06 10 12 21 22,01 06,12 22 06 21 10,01 06,321766533,1588528359,5,10000000,50000000,1,8000000,8000000,0,0,0,0,0,0,156,101197,15786732,40,80957,3238280,0,0,0,0,0,0,405,10000,4050000,0,0,0,878,3000,2634000,0,0,0,20232,300,6069600,0,0,0,23824,200,4764800,0,0,0,53169,100,5316900,0,0,0,736714,15,11050710,0,0,0,7460408,5,37302040,0,0,0
25066,https://www.zhcw.com/kjxx/dlt/kjxq/?kjData=25066,2025-06-14,星期六,15 18 27 28 34,03 06,34 27 15 28 18,03 06,339059066,1579075869,3,10000000,30000000,0,0,0,0,0,0,0,0,0,95,178917,16997115,19,143133,2719527,0,0,0,0,0,0,217,10000,2170000,0,0,0,917,3000,2751000,0,0,0,15396,300,4618800,0,0,0,30448,200,6089600,0,0,0,34422,100,3442200,0,0,0,846893,15,12703395,0,0,0,8948548,5,44742740,0,0,0
25065,https://www.zhcw.com/kjxx/dlt/kjxq/?kjData=25065,2025-06-11,星期三,07 25 32 33 35,04 09,33 25 35 32 07,09 04,322427160,1539171327,4,10000000,40000000,1,8000000,8000000,0,0,0,0,0,0,103,123549,12725547,21,98839,2075619,0,0,0,0,0,0,404,10000,4040000,0,0,0,1243,3000,3729000,0,0,0,17528,300,5258400,0,0,0,49810,200,9962000,0,0,0,33523,100,3352300,0,0,0,1066743,15,16001145,0,0,0,9673683,5,48368415,0,0,0
25064,https://www.zhcw.com/kjxx/dlt/kjxq/?kjData=25064,2025-06-09,星期一,05 10 18 20 34,01 08,20 18 10 34 05,01 08,328463659,1534694449,2,10000000,20000000,0,0,0,0,0,0,0,0,0,107,160826,17208382,25,128660,3216500,0,0,0,0,0,0,276,10000,2760000,0,0,0,773,3000,2319000,0,0,0,14872,300,4461600,0,0,0,22908,200,4581600,0,0,0,34021,100,3402100,0,0,0,728899,15,10933485,0,0,0,7929704,5,39648520,0,0,0
25063,https://www.zhcw.com/kjxx/dlt/kjxq/?kjData=25063,2025-06-07,星期六,05 18 26 29 32,07 10,05 29 32 18 26,07 10,353640087,1482278557,11,7822918,86052098,2,6258334,12516668,0,0,0,0,0,0,102,122650,12510300,32,98120,3139840,0,0,0,0,0,0,309,10000,3090000,0,0,0,1337,3000,4011000,0,0,0,22410,300,6723000,0,0,0,47408,200,9481600,0,0,0,49272,100,4927200,0,0,0,1151855,15,17277825,0,0,0,11327092,5,56635460,0,0,0
25062,https://www.zhcw.com/kjxx/dlt/kjxq/?kjData=25062,2025-06-04,星期三,14 20 27 28 29,06 10,20 28 27 29 14,10 06,331453922,1525360041,3,10000000,30000000,1,8000000,8000000,0,0,0,0,0,0,104,172762,17967248,20,138209,2764180,0,0,0,0,0,0,212,10000,2120000,0,0,0,1025,3000,3075000,0,0,0,15868,300,4760400,0,0,0,22695,200,4539000,0,0,0,37620,100,3762000,0,0,0,723621,15,10854315,0,0,0,7813567,5,39067835,0,0,0
25061,https://www.zhcw.com/kjxx/dlt/kjxq/?kjData=25061,2025-06-02,星期一,02 11 16 23 28,05 10,28 02 16 23 11,05 10,326041766,1489857621,10,8139831,81398310,3,6511864,19535592,0,0,0,0,0,0,141,99022,13962102,40,79217,3168680,0,0,0,0,0,0,361,10000,3610000,0,0,0,1169,3000,3507000,0,0,0,20846,300,6253800,0,0,0,34045,200,6809000,0,0,0,48538,100,4853800,0,0,0,869831,15,13047465,0,0,0,8762317,5,43811585,0,0,0
25060,https://www.zhcw.com/kjxx/dlt/kjxq/?kjData=25060,2025-05-31,星期六,12 14 19 33 34,01 07,34 12 19 33 14,01 07,344759819,1530054632,2,10000000,20000000,1,8000000,8000000,0,0,0,0,0,0,97,205497,19933209,25,164397,4109925,0,0,0,0,0,0,213,10000,2130000,0,0,0,532,3000,1596000,0,0,0,13526,300,4057800,0,0,0,16339,200,3267800,0,0,0,35511,100,3551100,0,0,0,609299,15,9139485,0,0,0,7180566,5,35902830,0,0,0
25059,https://www.zhcw.com/kjxx/dlt/kjxq/?kjData=25059,2025-05-28,星期三,03 09 10 11 26,01 02,26 10 11 09 03,01 02,330253002,1472810541,4,10000000,40000000,0,0,0,0,0,0,0,0,0,165,81352,13423080,34,65081,2212754,0,0,0,0,0,0,436,10000,4360000,0,0,0,1588,3000,4764000,0,0,0,26783,300,8034900,0,0,0,40763,200,8152600,0,0,0,67511,100,6751100,0,0,0,978863,15,14682945,0,0,0,8801243,5,44006215,0,0,0
25058,https://www.zhcw.com/kjxx/dlt/kjxq/?kjData=25058,2025-05-26,星期一,06 11 15 21 23,01 07,21 11 23 15 06,07 01,337041717,1457374217,3,10000000,30000000,0,0,0,0,0,0,0,0,0,147,119413,17553711,28,95530,2674840,0,0,0,0,0,0,287,10000,2870000,0,0,0,840,3000,2520000,0,0,0,19118,300,5735400,0,0,0,22157,200,4431400,0,0,0,50735,100,5073500,0,0,0,777750,15,11666250,0,0,0,8181130,5,40905650,0,0,0
25057,https://www.zhcw.com/kjxx/dlt/kjxq/?kjData=25057,2025-05-24,星期六,09 10 11 12 29,01 10,12 10 29 11 09,10 01,379533383,1415654588,4,10000000,40000000,0,0,0,1,10000000,10000000,0,0,0,191,100021,19104011,45,80016,3600720,156,21551,3361956,37,17242,637954,473,10000,4730000,0,0,0,790,3000,2370000,0,0,0,24904,300,7471200,0,0,0,25127,200,5025400,0,0,0,63346,100,6334600,0,0,0,858017,15,12870255,0,0,0,8793123,5,43965615,0,0,0
25056,https://www.zhcw.com/kjxx/dlt/kjxq/?kjData=25056,2025-05-21,星期三,12 15 28 29 32,08 11,29 32 15 28 12,11 08,354948673,1375155244,2,10000000,20000000,1,8000000,8000000,1,10000000,10000000,0,0,0,109,158329,17257861,27,126663,3419901,82,40160,3293120,22,32129,706838,230,10000,2300000,0,0,0,836,3000,2508000,0,0,0,18164,300,5449200,0,0,0,27578,200,5515600,0,0,0,39069,100,3906900,0,0,0,878979,15,13184685,0,0,0,9414055,5,47070275,0,0,0
25055,https://www.zhcw.com/kjxx/dlt/kjxq/?kjData=25055,2025-05-19,星期一,08 10 25 29 30,01 02,25 29 08 10 30,01 02,373248241,1329842896,6,10000000,60000000,0,0,0,5,2000000,10000000,0,0,0,110,194591,21405010,15,155672,2335080,86,44052,3788472,6,35243,211458,392,10000,3920000,323,5000,1615000,697,3000,2091000,489,1500,733500,19056,300,5716800,14280,150,2142000,20138,200,4027600,15017,100,1501700,60491,100,6049100,47998,50,2399900,761264,15,11418960,580287,7,4352152,8351677,5,41758385,6430702,2,16076755
25054,https://www.zhcw.com/kjxx/dlt/kjxq/?kjData=25054,2025-05-17,星期六,03 12 16 21 29,01 02,29 16 03 12 21,02 01,400498726,1305673257,6,10000000,60000000,1,8000000,8000000,3,3333333,9999999,0,0,0,143,157222,22482746,28,125777,3521756,99,33613,3327687,25,26891,672275,363,10000,3630000,272,5000,1360000,734,3000,2202000,564,1500,846000,19702,300,5910600,14611,150,2191650,23831,200,4766200,18077,100,1807700,57895,100,5789500,44217,50,2210850,799489,15,11992335,601933,7,4514497,8750223,5,43751115,6672937,2,16682342
25053,https://www.zhcw.com/kjxx/dlt/kjxq/?kjData=25053,2025-05-14,星期三,14 23 29 30 33,06 12,23 29 14 33 30,12 06,378116432,1281475209,7,10000000,70000000,0,0,0,7,1428571,9999997,0,0,0,88,238046,20948048,23,190436,4380028,68,48076,3269168,19,38462,730778,221,10000,2210000,166,5000,830000,748,3000,2244000,582,1500,873000,15288,300,4586400,11813,150,1771950,22646,200,4529200,17206,100,1720600,38452,100,3845200,30312,50,1515600,737458,15,11061870,570554,7,4279155,8334473,5,41672365,6487726,2,16219315
25052,https://www.zhcw.com/kjxx/dlt/kjxq/?kjData=25052,2025-05-12,星期一,02 04 11 29 30,02 08,04 29 30 02 11,08 02,384489687,1261675356,3,10000000,30000000,0,0,0,1,10000000,10000000,0,0,0,218,85037,18538066,73,68029,4966117,181,17226,3117906,64,13781,881984,350,10000,3500000,285,5000,1425000,834,3000,2502000,575,1500,862500,20043,300,6012900,15265,150,2289750,27269,200,5453800,20565,100,2056500,47512,100,4751200,36108,50,1805400,855202,15,12828030,649969,7,4874767,9302717,5,46513585,7160519,2,17901297
25051,https://www.zhcw.com/kjxx/dlt/kjxq/?kjData=25051,2025-05-10,星期六,02 04 13 29 31,05 12,13 29 31 04 02,05 12,402596942,1208341380,5,10000000,50000000,2,8000000,16000000,5,1515151,7575755,2,1212121,6060605,156,89634,13982904,16,71707,1147312,135,27972,3776220,10,22377,223770,303,10000,3030000,238,5000,1190000,1693,3000,5079000,1388,1500,2082000,21000,300,6300000,16649,150,2497350,65579,200,13115800,54153,100,5415300,46977,100,4697700,37615,50,1880750,1472982,15,22094730,1199355,7,8995162,14836303,5,74181515,12062180,2,30155450
25050,https://www.zhcw.com/kjxx/dlt/kjxq/?kjData=25050,2025-05-07,星期三,15 18 20 21 34,04 10,18 21 34 20 15,10 04,380353203,1220697850,7,10000000,70000000,1,8000000,8000000,4,2083333,8333332,1,1666667,6666668,137,113717,15579229,31,90973,2820163,111,29806,3308466,29,23845,691505,219,10000,2190000,173,5000,865000,1390,3000,4170000,1139,1500,1708500,22264,300,6679200,18053,150,2707950,51423,200,10284600,43239,100,4323900,43240,100,4324000,34502,50,1725100,1204703,15,18070545,989510,7,7421325,11404082,5,57020410,9240341,2,23100852
25049,https://www.zhcw.com/kjxx/dlt/kjxq/?kjData=25049,2025-05-05,星期一,09 20 22 29 34,03 08,34 29 22 20 09,08 03,350534405,1233463084,10,9368639,93686390,0,0,0,6,1666666,9999996,0,0,0,78,227748,17764344,8,182198,1457584,64,58823,3764672,5,47059,235295,179,10000,1790000,148,5000,740000,1043,3000,3129000,846,1500,1269000,18797,300,5639100,15113,150,2266950,32944,200,6588800,26098,100,2609800,44757,100,4475700,36228,50,1811400,945589,15,14183835,748098,7,5610735,9716527,5,48582635,7672381,2,19180952
25048,https://www.zhcw.com/kjxx/dlt/kjxq/?kjData=25048,2025-05-03,星期六,02 06 17 23 35,06 11,35 17 23 06 02,06 11,364105069,1258998703,2,10000000,20000000,0,0,0,2,5000000,10000000,0,0,0,126,140526,17706276,35,112420,3934700,98,33898,3322004,25,27118,677950,374,10000,3740000,312,5000,1560000,838,3000,2514000,610,1500,915000,18690,300,5607000,14657,150,2198550,29093,200,5818600,22906,100,2290600,41914,100,4191400,32672,50,1633600,847400,15,12711000,663165,7,4973737,9092253,5,45461265,7116812,2,17792030
25047,https://www.zhcw.com/kjxx/dlt/kjxq/?kjData=25047,2025-04-30,星期三,03 10 11 12 21,02 03,03 21 12 11 10,02 03,367385544,1202271493,9,10000000,90000000,0,0,0,6,1666666,9999996,0,0,0,167,105515,17621005,55,84412,4642660,108,29411,3176388,35,23530,823550,320,10000,3200000,231,5000,1155000,962,3000,2886000,740,1500,1110000,23217,300,6965100,17916,150,2687400,25525,200,5105000,19665,100,1966500,52171,100,5217100,40600,50,2030000,850096,15,12751440,655497,7,4916227,8539134,5,42695670,6644239,2,16610597
25046,https://www.zhcw.com/kjxx/dlt/kjxq/?kjData=25046,2025-04-28,星期一,04 10 15 20 34,04 07,04 34 15 10 20,07 04,367246953,1213336580,4,10000000,40000000,1,8000000,8000000,2,5000000,10000000,0,0,0,110,123790,13616900,17,99032,1683544,92,38759,3565828,14,31008,434112,209,10000,2090000,169,5000,845000,1564,3000,4692000,1292,1500,1938000,23230,300,6969000,18978,150,2846700,56690,200,11338000,47638,100,4763800,40493,100,4049300,32343,50,1617150,1290893,15,19363395,1060977,7,7957327,12380349,5,61901745,10096467,2,25241167
25045,https://www.zhcw.com/kjxx/dlt/kjxq/?kjData=25045,2025-04-26,星期六,08 11 21 23 27,03 08,21 11 27 08 23,08 03,394950774,1207089477,10,9199763,91997630,2,7359810,14719620,9,943396,8490564,2,754717,6792453,140,126988,17778320,36,101590,3657240,113,30257,3419041,24,24205,580920,290,10000,2900000,224,5000,1120000,1309,3000,3927000,967,1500,1450500,23569,300,7070700,17953,150,2692950,41246,200,8249200,30890,100,3089000,51074,100,5107400,39445,50,1972250,1069383,15,16040745,820383,7,6152872,10559263,5,52796315,8162648,2,20406620
25044,https://www.zhcw.com/kjxx/dlt/kjxq/?kjData=25044,2025-04-23,星期三,15 17 21 22 26,02 08,15 17 26 21 22,02 08,368611600,1237807812,4,10000000,40000000,1,8000000,8000000,4,2083333,8333332,1,1666667,6666668,132,123720,16331040,44,98976,4354944,103,29806,3070018,39,23845,929955,332,10000,3320000,262,5000,1310000,844,3000,2532000,633,1500,949500,20217,300,6065100,16421,150,2463150,30501,200,6100200,23842,100,2384200,51141,100,5114100,42098,50,2104900,941673,15,14125095,749865,7,5623987,9867091,5,49335455,7838452,2,19596130
25043,https://www.zhcw.com/kjxx/dlt/kjxq/?kjData=25043,2025-04-21,星期一,03 16 20 21 27,09 11,20 03 21 16 27,09 11,362168053,1212466180,2,10000000,20000000,1,8000000,8000000,1,10000000,10000000,0,0,0,143,132632,18966376,42,106105,4456410,111,29112,3231432,33,23289,768537,238,10000,2380000,182,5000,910000,751,3000,2253000,571,1500,856500,19695,300,5908500,15331,150,2299650,20365,200,4073000,15110,100,1511000,43170,100,4317000,33182,50,1659100,774312,15,11614680,590637,7,4429777,8089690,5,40448450,6206586,2,15516465
25042,https://www.zhcw.com/kjxx/dlt/kjxq/?kjData=25042,2025-04-19,星期六,06 08 11 18 20,05 11,20 08 18 06 11,11 05,391234678,1157421361,2,10000000,20000000,1,8000000,8000000,1,10000000,10000000,0,0,0,164,105826,17355464,44,84660,3725040,126,26525,3342150,31,21220,657820,490,10000,4900000,392,5000,1960000,990,3000,2970000,709,1500,1063500,27535,300,8260500,21015,150,3152250,28313,200,5662600,20861,100,2086100,84975,100,8497500,67827,50,3391350,984298,15,14764470,744350,7,5582625,10165745,5,50828725,7797457,2,19493642
25041,https://www.zhcw.com/kjxx/dlt/kjxq/?kjData=25041,2025-04-16,星期三,03 04 21 22 27,05 11,21 27 04 22 03,05 11,372136085,1110680827,8,8448564,67588512,5,6758851,33794255,8,833333,6666664,5,666667,5333336,109,128409,13996581,41,102727,4211807,83,35523,2948409,37,28420,1051540,246,10000,2460000,192,5000,960000,1167,3000,3501000,947,1500,1420500,20286,300,6085800,15789,150,2368350,45471,200,9094200,36920,100,3692000,42997,100,4299700,33421,50,1671050,1145325,15,17179875,917748,7,6883110,11392114,5,56960570,9125349,2,22813372
25040,https://www.zhcw.com/kjxx/dlt/kjxq/?kjData=25040,2025-04-14,星期一,02 08 16 31 32,04 12,31 32 16 02 08,12 04,365388846,1147506477,4,10000000,40000000,2,8000000,16000000,3,2631578,7894734,1,2105264,6315792,154,100484,15474536,69,80387,5546703,121,23557,2850397,61,18845,1149545,346,10000,3460000,258,5000,1290000,998,3000,2994000,756,1500,1134000,20857,300,6257100,16120,150,2418000,27562,200,5512400,21828,100,2182800,51201,100,5120100,39390,50,1969500,883517,15,13252755,697426,7,5230695,9378424,5,46892120,7415914,2,18539785
25039,https://www.zhcw.com/kjxx/dlt/kjxq/?kjData=25039,2025-04-12,星期六,03 07 14 15 19,06 10,07 14 19 15 03,10 06,380283087,1128975871,4,10000000,40000000,1,8000000,8000000,2,3571428,7142856,1,2857143,5714286,99,192059,19013841,20,153647,3072940,75,45977,3448275,15,36781,551715,268,10000,2680000,189,5000,945000,1039,3000,3117000,735,1500,1102500,20795,300,6238500,15619,150,2342850,28895,200,5779000,21549,100,2154900,52701,100,5270100,39689,50,1984450,912524,15,13687860,690839,7,5181292,9834344,5,49171720,7527376,2,18818440
25038,https://www.zhcw.com/kjxx/dlt/kjxq/?kjData=25038,2025-04-09,星期三,07 08 20 26 34,08 09,26 34 07 20 08,08 09,367355129,1098668135,4,10000000,40000000,1,8000000,8000000,2,3571428,7142856,1,2857143,5714286,145,106912,15502240,45,85529,3848805,112,27777,3111024,40,22223,888920,244,10000,2440000,186,5000,930000,1047,3000,3141000,829,1500,1243500,21853,300,6555900,16857,150,2528550,32818,200,6563600,25635,100,2563500,40418,100,4041800,30533,50,1526650,1047524,15,15712860,812583,7,6094372,10717739,5,53588695,8304474,2,20761185
25037,https://www.zhcw.com/kjxx/dlt/kjxq/?kjData=25037,2025-04-07,星期一,05 20 23 27 31,04 06,31 20 23 27 05,06 04,302429281,1078059212,3,10000000,30000000,0,0,0,0,0,0,0,0,0,78,202241,15774798,14,161792,2265088,0,0,0,0,0,0,204,10000,2040000,0,0,0,584,3000,1752000,0,0,0,15572,300,4671600,0,0,0,21602,200,4320400,0,0,0,39865,100,3986500,0,0,0,719682,15,10795230,0,0,0,7724990,5,38624950,0,0,0
25036,https://www.zhcw.com/kjxx/dlt/kjxq/?kjData=25036,2025-04-05,星期六,04 07 13 27 30,02 06,07 30 04 13 27,06 02,303323074,1044099471,4,10000000,40000000,1,8000000,8000000,0,0,0,0,0,0,87,162675,14152725,16,130140,2082240,0,0,0,0,0,0,220,10000,2200000,0,0,0,946,3000,2838000,0,0,0,19627,300,5888100,0,0,0,28664,200,5732800,0,0,0,42768,100,4276800,0,0,0,837848,15,12567720,0,0,0,8265918,5,41329590,0,0,0
25035,https://www.zhcw.com/kjxx/dlt/kjxq/?kjData=25035,2025-04-02,星期三,22 25 28 29 30,04 08,30 22 25 28 29,04 08,290834566,1034539140,6,10000000,60000000,2,8000000,16000000,0,0,0,0,0,0,85,167168,14209280,28,133734,3744552,0,0,0,0,0,0,182,10000,1820000,0,0,0,542,3000,1626000,0,0,0,13958,300,4187400,0,0,0,18855,200,3771000,0,0,0,30935,100,3093500,0,0,0,650074,15,9751110,0,0,0,7330305,5,36651525,0,0,0
25034,https://www.zhcw.com/kjxx/dlt/kjxq/?kjData=25034,2025-03-31,星期一,04 15 22 28 33,06 08,15 28 04 33 22,06 08,291102580,1046884586,12,6578028,78936336,11,5262422,57886642,0,0,0,0,0,0,143,81044,11589292,44,64835,2852740,0,0,0,0,0,0,308,10000,3080000,0,0,0,904,3000,2712000,0,0,0,19822,300,5946600,0,0,0,32042,200,6408400,0,0,0,41785,100,4178500,0,0,0,851122,15,12766830,0,0,0,8380391,5,41901955,0,0,0
25033,https://www.zhcw.com/kjxx/dlt/kjxq/?kjData=25033,2025-03-29,星期六,01 02 08 10 33,10 12,08 02 01 33 10,10 12,312033249,1132503712,3,10000000,30000000,0,0,0,0,0,0,0,0,0,107,144899,15504193,32,115919,3709408,0,0,0,0,0,0,212,10000,2120000,0,0,0,690,3000,2070000,0,0,0,16509,300,4952700,0,0,0,23724,200,4744800,0,0,0,38206,100,3820600,0,0,0,723250,15,10848750,0,0,0,7400933,5,37004665,0,0,0
25032,https://www.zhcw.com/kjxx/dlt/kjxq/?kjData=25032,2025-03-26,星期三,12 22 25 27 28,01 02,22 28 27 25 12,02 01,303333312,1094382586,0,0,0,0,0,0,0,0,0,0,0,0,62,261176,16192912,17,208940,3551980,0,0,0,0,0,0,200,10000,2000000,0,0,0,602,3000,1806000,0,0,0,13126,300,3937800,0,0,0,18132,200,3626400,0,0,0,36837,100,3683700,0,0,0,616635,15,9249525,0,0,0,6916053,5,34580265,0,0,0
25031,https://www.zhcw.com/kjxx/dlt/kjxq/?kjData=25031,2025-03-24,星期一,14 18 20 25 35,01 07,18 35 20 14 25,07 01,311643171,1024377872,4,10000000,40000000,1,8000000,8000000,0,0,0,0,0,0,72,247703,17834616,20,198162,3963240,0,0,0,0,0,0,145,10000,1450000,0,0,0,501,3000,1503000,0,0,0,12037,300,3611100,0,0,0,17067,200,3413400,0,0,0,31871,100,3187100,0,0,0,561551,15,8423265,0,0,0,6407152,5,32035760,0,0,0
25030,https://www.zhcw.com/kjxx/dlt/kjxq/?kjData=25030,2025-03-22,星期六,03 09 14 24 28,06 07,14 09 28 24 03,06 07,338162194,995094280,9,7699188,69292692,6,6159350,36956100,0,0,0,0,0,0,178,72009,12817602,62,57607,3571634,0,0,0,0,0,0,366,10000,3660000,0,0,0,1156,3000,3468000,0,0,0,24889,300,7466700,0,0,0,35424,200,7084800,0,0,0,54456,100,5445600,0,0,0,1011568,15,15173520,0,0,0,9780648,5,48903240,0,0,0
25029,https://www.zhcw.com/kjxx/dlt/kjxq/?kjData=25029,2025-03-19,星期三,05 09 26 31 33,03 10,09 31 33 26 05,10 03,314474524,1043234947,2,10000000,20000000,0,0,0,0,0,0,0,0,0,144,100702,14501088,17,80561,1369537,0,0,0,0,0,0,301,10000,3010000,0,0,0,993,3000,2979000,0,0,0,25122,300,7536600,0,0,0,27237,200,5447400,0,0,0,60371,100,6037100,0,0,0,906158,15,13592370,0,0,0,8670113,5,43350565,0,0,0
25028,https://www.zhcw.com/kjxx/dlt/kjxq/?kjData=25028,2025-03-17,星期一,06 08 20 25 29,03 07,06 29 25 08 20,07 03,313737340,1006966152,7,8904156,62329092,4,7123324,28493296,0,0,0,0,0,0,103,127524,13134972,43,102019,4386817,0,0,0,0,0,0,221,10000,2210000,0,0,0,969,3000,2907000,0,0,0,19622,300,5886600,0,0,0,29414,200,5882800,0,0,0,38288,100,3828800,0,0,0,823182,15,12347730,0,0,0,8204713,5,41023565,0,0,0
25027,https://www.zhcw.com/kjxx/dlt/kjxq/?kjData=25027,2025-03-15,星期六,03 06 11 13 20,01 11,20 11 06 13 03,11 01,333487900,1035665607,8,10000000,80000000,0,0,0,0,0,0,0,0,0,117,151904,17772768,31,121523,3767213,0,0,0,0,0,0,241,10000,2410000,0,0,0,655,3000,1965000,0,0,0,17246,300,5173800,0,0,0,19849,200,3969800,0,0,0,42015,100,4201500,0,0,0,708335,15,10625025,0,0,0,7430971,5,37154855,0,0,0
25026,https://www.zhcw.com/kjxx/dlt/kjxq/?kjData=25026,2025-03-12,星期三,02 03 07 17 30,01 09,30 03 07 17 02,09 01,313696373,1039296516,1,10000000,10000000,0,0,0,0,0,0,0,0,0,80,161515,12921200,21,129212,2713452,0,0,0,0,0,0,194,10000,1940000,0,0,0,922,3000,2766000,0,0,0,20755,300,6226500,0,0,0,33244,200,6648800,0,0,0,43895,100,4389500,0,0,0,923286,15,13849290,0,0,0,9364895,5,46824475,0,0,0
25025,https://www.zhcw.com/kjxx/dlt/kjxq/?kjData=25025,2025-03-10,星期一,03 06 08 10 25,03 07,03 25 06 10 08,03 07,313678335,993864523,7,7559158,52914106,6,6047326,36283956,0,0,0,0,0,0,137,75409,10331033,49,60327,2956023,0,0,0,0,0,0,297,10000,2970000,0,0,0,1209,3000,3627000,0,0,0,24376,300,7312800,0,0,0,39660,200,7932000,0,0,0,43899,100,4389900,0,0,0,1076218,15,16143270,0,0,0,10186254,5,50931270,0,0,0
25024,https://www.zhcw.com/kjxx/dlt/kjxq/?kjData=25024,2025-03-08,星期六,06 12 13 16 23,05 08,12 06 13 23 16,08 05,331854703,1035953603,14,6364847,89107858,6,5091877,30551262,0,0,0,0,0,0,132,65034,8584488,52,52027,2705404,0,0,0,0,0,0,250,10000,2500000,0,0,0,2202,3000,6606000,0,0,0,22378,300,6713400,0,0,0,63816,200,12763200,0,0,0,39960,100,3996000,0,0,0,1335224,15,20028360,0,0,0,11736712,5,58683560,0,0,0
25023,https://www.zhcw.com/kjxx/dlt/kjxq/?kjData=25023,2025-03-05,星期三,10 20 22 24 25,09 12,24 20 25 10 22,12 09,302766777,1115584483,4,10000000,40000000,2,8000000,16000000,0,0,0,0,0,0,93,178006,16554558,19,142404,2705676,0,0,0,0,0,0,302,10000,3020000,0,0,0,520,3000,1560000,0,0,0,14468,300,4340400,0,0,0,20483,200,4096600,0,0,0,36548,100,3654800,0,0,0,642547,15,9638205,0,0,0,6899798,5,34498990,0,0,0
25022,https://www.zhcw.com/kjxx/dlt/kjxq/?kjData=25022,2025-03-03,星期一,01 11 13 27 29,04 10,11 29 13 01 27,10 04,298217183,1103298037,7,9280845,64965915,1,7424676,7424676,0,0,0,0,0,0,102,115866,11818332,31,92692,2873452,0,0,0,0,0,0,179,10000,1790000,0,0,0,1053,3000,3159000,0,0,0,18491,300,5547300,0,0,0,37254,200,7450800,0,0,0,35577,100,3557700,0,0,0,911895,15,13678425,0,0,0,8832400,5,44162000,0,0,0
25021,https://www.zhcw.com/kjxx/dlt/kjxq/?kjData=25021,2025-03-01,星期六,10 18 25 30 35,03 12,25 10 35 30 18,12 03,335200766,1123599303,7,10000000,70000000,0,0,0,0,0,0,0,0,0,115,117927,13561605,39,94341,3679299,0,0,0,0,0,0,275,10000,2750000,0,0,0,1311,3000,3933000,0,0,0,23745,300,7123500,0,0,0,34904,200,6980800,0,0,0,48410,100,4841000,0,0,0,958137,15,14372055,0,0,0,9175909,5,45879545,0,0,0
25020,https://www.zhcw.com/kjxx/dlt/kjxq/?kjData=25020,2025-02-26,星期三,01 09 12 22 29,05 09,01 22 09 29 12,09 05,300087089,1132471892,8,8494966,67959728,1,6795972,6795972,0,0,0,0,0,0,146,67527,9858942,68,54021,3673428,0,0,0,0,0,0,239,10000,2390000,0,0,0,1235,3000,3705000,0,0,0,21845,300,6553500,0,0,0,37699,200,7539800,0,0,0,40685,100,4068500,0,0,0,961185,15,14417775,0,0,0,9371339,5,46856695,0,0,0
25019,https://www.zhcw.com/kjxx/dlt/kjxq/?kjData=25019,2025-02-24,星期一,07 08 11 18 23,03 11,07 08 11 18 23,03 11,296357549,1159248699,7,8207321,57451247,4,6565856,26263424,0,0,0,0,0,0,199,56096,11163104,72,44876,3231072,0,0,0,0,0,0,277,10000,2770000,0,0,0,947,3000,2841000,0,0,0,22484,300,6745200,0,0,0,27972,200,5594400,0,0,0,53438,100,5343800,0,0,0,904236,15,13563540,0,0,0,8585582,5,42927910,0,0,0
25018,https://www.zhcw.com/kjxx/dlt/kjxq/?kjData=25018,2025-02-22,星期六,01 07 09 20 28,01 04,20 07 09 28 01,04 01,314802603,1191928481,16,7273028,116368448,3,5818422,17455266,0,0,0,0,0,0,84,182563,15335292,21,146050,3067050,0,0,0,0,0,0,237,10000,2370000,0,0,0,795,3000,2385000,0,0,0,19469,300,5840700,0,0,0,22773,200,4554600,0,0,0,46397,100,4639700,0,0,0,765072,15,11476080,0,0,0,7867948,5,39339740,0,0,0
25017,https://www.zhcw.com/kjxx/dlt/kjxq/?kjData=25017,2025-02-19,星期三,10 12 26 28 31,03 10,28 31 26 10 12,03 10,288044955,1260507193,1,10000000,10000000,0,0,0,0,0,0,0,0,0,93,144416,13430688,26,115532,3003832,0,0,0,0,0,0,197,10000,1970000,0,0,0,757,3000,2271000,0,0,0,15106,300,4531800,0,0,0,25873,200,5174600,0,0,0,34485,100,3448500,0,0,0,738414,15,11076210,0,0,0,7593477,5,37967385,0,0,0
25016,https://www.zhcw.com/kjxx/dlt/kjxq/?kjData=25016,2025-02-17,星期一,05 07 12 20 29,08 12,05 29 07 20 12,12 08,288272949,1212239218,12,6900770,82809240,10,5520616,55206160,0,0,0,0,0,0,157,87391,13720387,43,69912,3006216,0,0,0,0,0,0,319,10000,3190000,0,0,0,837,3000,2511000,0,0,0,20044,300,6013200,0,0,0,21014,200,4202800,0,0,0,47553,100,4755300,0,0,0,690174,15,10352610,0,0,0,6839603,5,34198015,0,0,0
25015,https://www.zhcw.com/kjxx/dlt/kjxq/?kjData=25015,2025-02-15,星期六,07 10 24 31 35,01 08,24 31 07 10 35,08 01,314676590,1290950588,4,10000000,40000000,2,8000000,16000000,0,0,0,0,0,0,84,178523,14995932,31,142818,4427358,0,0,0,0,0,0,131,10000,1310000,0,0,0,674,3000,2022000,0,0,0,14697,300,4409100,0,0,0,24067,200,4813400,0,0,0,34401,100,3440100,0,0,0,724120,15,10861800,0,0,0,7809444,5,39047220,0,0,0
25014,https://www.zhcw.com/kjxx/dlt/kjxq/?kjData=25014,2025-02-12,星期三,05 19 22 29 35,02 10,29 05 19 22 35,10 02,289867311,1278086019,4,10000000,40000000,0,0,0,0,0,0,0,0,0,128,106474,13628672,31,85179,2640549,0,0,0,0,0,0,232,10000,2320000,0,0,0,764,3000,2292000,0,0,0,21668,300,6500400,0,0,0,20209,200,4041800,0,0,0,41964,100,4196400,0,0,0,760579,15,11408685,0,0,0,7464901,5,37324505,0,0,0
25013,https://www.zhcw.com/kjxx/dlt/kjxq/?kjData=25013,2025-02-10,星期一,14 16 18 20 35,02 05,14 20 18 35 16,02 05,289136668,1260404089,5,10000000,50000000,0,0,0,0,0,0,0,0,0,81,201895,16353495,21,161516,3391836,0,0,0,0,0,0,151,10000,1510000,0,0,0,491,3000,1473000,0,0,0,11596,300,3478800,0,0,0,15918,200,3183600,0,0,0,27237,100,2723700,0,0,0,543355,15,8150325,0,0,0,6281157,5,31405785,0,0,0
25012,https://www.zhcw.com/kjxx/dlt/kjxq/?kjData=25012,2025-02-08,星期六,02 18 19 21 25,02 11,25 02 21 19 18,02 11,358739098,1240397718,2,10000000,20000000,0,0,0,0,0,0,0,0,0,97,183282,17778354,27,146625,3958875,0,0,0,0,0,0,209,10000,2090000,0,0,0,859,3000,2577000,0,0,0,17699,300,5309700,0,0,0,26578,200,5315600,0,0,0,42005,100,4200500,0,0,0,852224,15,12783360,0,0,0,8940026,5,44700130,0,0,0
25011,https://www.zhcw.com/kjxx/dlt/kjxq/?kjData=25011,2025-01-25,星期六,03 06 07 11 27,02 08,07 11 06 27 03,02 08,373437138,1183329141,5,9667253,48336265,1,7733802,7733802,0,0,0,0,0,0,163,65086,10609018,25,52068,1301700,0,0,0,0,0,0,382,10000,3820000,0,0,0,2039,3000,6117000,0,0,0,30164,300,9049200,0,0,0,69882,200,13976400,0,0,0,56362,100,5636200,0,0,0,1555109,15,23326635,0,0,0,13383724,5,66918620,0,0,0
25010,https://www.zhcw.com/kjxx/dlt/kjxq/?kjData=25010,2025-01-22,星期三,05 21 28 30 32,07 12,32 28 21 05 30,07 12,314170042,1197169901,6,10000000,60000000,2,8000000,16000000,0,0,0,0,0,0,86,171799,14774714,27,137439,3710853,0,0,0,0,0,0,192,10000,1920000,0,0,0,756,3000,2268000,0,0,0,15941,300,4782300,0,0,0,25960,200,5192000,0,0,0,31418,100,3141800,0,0,0,781725,15,11725875,0,0,0,8177602,5,40888010,0,0,0
25009,https://www.zhcw.com/kjxx/dlt/kjxq/?kjData=25009,2025-01-20,星期一,03 19 21 30 32,06 09,21 30 03 32 19,06 09,308814993,1207630140,5,10000000,50000000,1,8000000,8000000,0,0,0,0,0,0,126,108815,13710690,26,87052,2263352,0,0,0,0,0,0,264,10000,2640000,0,0,0,929,3000,2787000,0,0,0,19868,300,5960400,0,0,0,30780,200,6156000,0,0,0,45010,100,4501000,0,0,0,881180,15,13217700,0,0,0,8689549,5,43447745,0,0,0
25008,https://www.zhcw.com/kjxx/dlt/kjxq/?kjData=25008,2025-01-18,星期六,01 05 07 13 35,05 12,07 13 01 35 05,05 12,336989378,1208994728,7,10000000,70000000,0,0,0,0,0,0,0,0,0,132,94439,12465948,50,75551,3777550,0,0,0,0,0,0,279,10000,2790000,0,0,0,1241,3000,3723000,0,0,0,21921,300,6576300,0,0,0,36856,200,7371200,0,0,0,44702,100,4470200,0,0,0,1026856,15,15402840,0,0,0,10191393,5,50956965,0,0,0
25007,https://www.zhcw.com/kjxx/dlt/kjxq/?kjData=25007,2025-01-15,星期三,15 22 23 25 31,01 09,15 22 31 23 25,01 09,311942681,1221403982,1,10000000,10000000,0,0,0,0,0,0,0,0,0,70,271022,18971540,9,216817,1951353,0,0,0,0,0,0,176,10000,1760000,0,0,0,526,3000,1578000,0,0,0,13832,300,4149600,0,0,0,17674,200,3534800,0,0,0,32327,100,3232700,0,0,0,617156,15,9257340,0,0,0,6847045,5,34235225,0,0,0
25006,https://www.zhcw.com/kjxx/dlt/kjxq/?kjData=25006,2025-01-13,星期一,03 04 13 19 35,03 10,03 35 04 13 19,10 03,315397229,1157222668,4,10000000,40000000,0,0,0,0,0,0,0,0,0,104,141473,14713192,25,113178,2829450,0,0,0,0,0,0,182,10000,1820000,0,0,0,755,3000,2265000,0,0,0,16680,300,5004000,0,0,0,27568,200,5513600,0,0,0,36783,100,3678300,0,0,0,840142,15,12602130,0,0,0,8784428,5,43922140,0,0,0
25005,https://www.zhcw.com/kjxx/dlt/kjxq/?kjData=25005,2025-01-11,星期六,05 06 08 31 32,09 11,06 32 05 08 31,09 11,313119385,1135025880,4,9839697,39358788,3,7871757,23615271,0,0,0,0,0,0,212,54953,11650036,45,43962,1978290,0,0,0,0,0,0,788,10000,7880000,0,0,0,1020,3000,3060000,0,0,0,27119,300,8135700,0,0,0,26695,200,5339000,0,0,0,70687,100,7068700,0,0,0,949102,15,14236530,0,0,0,9152089,5,45760445,0,0,0
25004,https://www.zhcw.com/kjxx/dlt/kjxq/?kjData=25004,2025-01-08,星期三,02 05 09 13 33,01 07,09 13 33 02 05,07 01,294103605,1149680405,3,10000000,30000000,1,8000000,8000000,0,0,0,0,0,0,102,138323,14108946,30,110658,3319740,0,0,0,0,0,0,191,10000,1910000,0,0,0,755,3000,2265000,0,0,0,16181,300,4854300,0,0,0,20712,200,4142400,0,0,0,38106,100,3810600,0,0,0,703610,15,10554150,0,0,0,7470576,5,37352880,0,0,0
25003,https://www.zhcw.com/kjxx/dlt/kjxq/?kjData=25003,2025-01-06,星期一,10 25 30 32 34,04 10,10 30 25 34 32,10 04,302634553,1125887685,1,10000000,10000000,0,0,0,0,0,0,0,0,0,46,385970,17754620,12,308776,3705312,0,0,0,0,0,0,156,10000,1560000,0,0,0,472,3000,1416000,0,0,0,11288,300,3386400,0,0,0,16633,200,3326600,0,0,0,28437,100,2843700,0,0,0,540549,15,8108235,0,0,0,6020926,5,30104630,0,0,0
25002,https://www.zhcw.com/kjxx/dlt/kjxq/?kjData=25002,2025-01-04,星期六,19 21 22 28 32,06 09,19 21 28 32 22,06 09,328380460,1059802299,7,8977032,62839224,2,7181625,14363250,0,0,0,0,0,0,90,140909,12681810,21,112727,2367267,0,0,0,0,0,0,193,10000,1930000,0,0,0,1297,3000,3891000,0,0,0,17784,300,5335200,0,0,0,45361,200,9072200,0,0,0,33257,100,3325700,0,0,0,1057262,15,15858930,0,0,0,10617686,5,53088430,0,0,0
25001,https://www.zhcw.com/kjxx/dlt/kjxq/?kjData=25001,2025-01-01,星期三,05 08 16 17 27,04 07,16 17 27 08 05,07 04,300925149,1083648909,12,7654708,91856496,0,0,0,0,0,0,0,0,0,162,62463,10119006,78,49970,3897660,0,0,0,0,0,0,381,10000,3810000,0,0,0,1590,3000,4770000,0,0,0,22694,300,6808200,0,0,0,36852,200,7370400,0,0,0,51645,100,5164500,0,0,0,912333,15,13684995,0,0,0,8426443,5,42132215,0,0,0
24152,https://www.zhcw.com/kjxx/dlt/kjxq/?kjData=24152,2024-12-30,星期一,01 02 07 08 31,02 10,07 01 02 31 08,10 02,303398169,1125809265,3,10000000,30000000,1,8000000,8000000,0,0,0,0,0,0,145,113095,16398775,16,90476,1447616,0,0,0,0,0,0,217,10000,2170000,0,0,0,651,3000,1953000,0,0,0,18072,300,5421600,0,0,0,22278,200,4455600,0,0,0,40617,100,4061700,0,0,0,751224,15,11268360,0,0,0,7642872,5,38214360,0,0,0
24151,https://www.zhcw.com/kjxx/dlt/kjxq/?kjData=24151,2024-12-28,星期六,05 12 17 19 35,10 11,12 17 05 19 35,10 11,315044922,1100535289,5,10000000,50000000,0,0,0,0,0,0,0,0,0,109,146038,15918142,28,116830,3271240,0,0,0,0,0,0,297,10000,2970000,0,0,0,751,3000,2253000,0,0,0,17263,300,5178900,0,0,0,21893,200,4378600,0,0,0,41409,100,4140900,0,0,0,720280,15,10804200,0,0,0,7484318,5,37421590,0,0,0
24150,https://www.zhcw.com/kjxx/dlt/kjxq/?kjData=24150,2024-12-25,星期三,04 11 23 25 34,05 07,04 34 23 11 25,05 07,294938543,1082499928,2,10000000,20000000,0,0,0,0,0,0,0,0,0,146,85346,12460516,49,68276,3345524,0,0,0,0,0,0,395,10000,3950000,0,0,0,972,3000,2916000,0,0,0,19474,300,5842200,0,0,0,22168,200,4433600,0,0,0,51932,100,5193200,0,0,0,740908,15,11113620,0,0,0,7844976,5,39224880,0,0,0
24149,https://www.zhcw.com/kjxx/dlt/kjxq/?kjData=24149,2024-12-23,星期一,02 05 16 18 22,07 09,22 02 16 05 18,09 07,293475449,1046459747,3,10000000,30000000,0,0,0,0,0,0,0,0,0,108,110866,11973528,21,88692,1862532,0,0,0,0,0,0,262,10000,2620000,0,0,0,999,3000,2997000,0,0,0,20431,300,6129300,0,0,0,30795,200,6159000,0,0,0,39899,100,3989900,0,0,0,932291,15,13984365,0,0,0,9006396,5,45031980,0,0,0
24148,https://www.zhcw.com/kjxx/dlt/kjxq/?kjData=24148,2024-12-21,星期六,06 09 20 32 35,08 11,32 20 09 06 35,08 11,319089575,1027404435,2,10000000,20000000,0,0,0,0,0,0,0,0,0,119,109466,13026454,63,87572,5517036,0,0,0,0,0,0,195,10000,1950000,0,0,0,804,3000,2412000,0,0,0,16405,300,4921500,0,0,0,25483,200,5096600,0,0,0,33896,100,3389600,0,0,0,784284,15,11764260,0,0,0,8506157,5,42530785,0,0,0
24147,https://www.zhcw.com/kjxx/dlt/kjxq/?kjData=24147,2024-12-18,星期三,12 18 21 22 31,01 07,22 31 12 21 18,01 07,297698975,981658901,0,0,0,0,0,0,0,0,0,0,0,0,75,223695,16777125,15,178956,2684340,0,0,0,0,0,0,174,10000,1740000,0,0,0,596,3000,1788000,0,0,0,13272,300,3981600,0,0,0,18436,200,3687200,0,0,0,30453,100,3045300,0,0,0,613286,15,9199290,0,0,0,6793975,5,33969875,0,0,0
24146,https://www.zhcw.com/kjxx/dlt/kjxq/?kjData=24146,2024-12-16,星期一,05 20 21 22 32,03 04,20 21 22 05 32,03 04,296215559,912659139,6,9555674,57334044,2,7644539,15289078,0,0,0,0,0,0,125,106831,13353875,22,85464,1880208,0,0,0,0,0,0,366,10000,3660000,0,0,0,1230,3000,3690000,0,0,0,20780,300,6234000,0,0,0,30816,200,6163200,0,0,0,46205,100,4620500,0,0,0,842689,15,12640335,0,0,0,7778267,5,38891335,0,0,0
24145,https://www.zhcw.com/kjxx/dlt/kjxq/?kjData=24145,2024-12-14,星期六,01 06 09 22 24,01 03,22 01 09 24 06,01 03,320626163,931270188,4,10000000,40000000,0,0,0,0,0,0,0,0,0,95,174535,16580825,22,139628,3071816,0,0,0,0,0,0,251,10000,2510000,0,0,0,627,3000,1881000,0,0,0,18781,300,5634300,0,0,0,21413,200,4282600,0,0,0,47498,100,4749800,0,0,0,731273,15,10969095,0,0,0,7549943,5,37749715,0,0,0
24144,https://www.zhcw.com/kjxx/dlt/kjxq/?kjData=24144,2024-12-11,星期三,06 07 08 21 30,01 05,30 08 06 07 21,01 05,298735511,901592546,4,10000000,40000000,1,8000000,8000000,0,0,0,0,0,0,119,119813,14257747,34,95850,3258900,0,0,0,0,0,0,312,10000,3120000,0,0,0,672,3000,2016000,0,0,0,20049,300,6014700,0,0,0,19681,200,3936200,0,0,0,50060,100,5006000,0,0,0,709916,15,10648740,0,0,0,7203403,5,36017015,0,0,0
24143,https://www.zhcw.com/kjxx/dlt/kjxq/?kjData=24143,2024-12-09,星期一,16 20 22 24 31,04 05,24 22 16 20 31,05 04,299228472,887487585,6,9370240,56221440,3,7496192,22488576,0,0,0,0,0,0,144,80121,11537424,72,64096,4614912,0,0,0,0,0,0,162,10000,1620000,0,0,0,1025,3000,3075000,0,0,0,18486,300,5545800,0,0,0,28304,200,5660800,0,0,0,31155,100,3115500,0,0,0,840374,15,12605610,0,0,0,8315841,5,41579205,0,0,0
24142,https://www.zhcw.com/kjxx/dlt/kjxq/?kjData=24142,2024-12-07,星期六,08 21 24 33 34,03 10,21 24 33 08 34,10 03,327282822,908929975,13,6849783,89047179,2,5479826,10959652,0,0,0,0,0,0,88,112528,9902464,22,90022,1980484,0,0,0,0,0,0,209,10000,2090000,0,0,0,1819,3000,5457000,0,0,0,17065,300,5119500,0,0,0,67962,200,13592400,0,0,0,34854,100,3485400,0,0,0,1266757,15,19001355,0,0,0,11521852,5,57609260,0,0,0
24141,https://www.zhcw.com/kjxx/dlt/kjxq/?kjData=24141,2024-12-04,星期三,02 06 07 16 20,02 11,07 16 02 20 06,02 11,302351348,966806148,7,8545200,59816400,2,6836160,13672320,0,0,0,0,0,0,154,71205,10965570,43,56964,2449452,0,0,0,0,0,0,263,10000,2630000,0,0,0,1332,3000,3996000,0,0,0,23108,300,6932400,0,0,0,42173,200,8434600,0,0,0,49915,100,4991500,0,0,0,1002232,15,15033480,0,0,0,9031345,5,45156725,0,0,0
24140,https://www.zhcw.com/kjxx/dlt/kjxq/?kjData=24140,2024-12-02,星期一,03 06 15 23 31,01 12,23 03 15 06 31,01 12,313586274,992732460,4,10000000,40000000,0,0,0,0,0,0,0,0,0,112,128171,14355152,46,102536,4716656,0,0,0,0,0,0,314,10000,3140000,0,0,0,975,3000,2925000,0,0,0,15574,300,4672200,0,0,0,22296,200,4459200,0,0,0,40393,100,4039300,0,0,0,682804,15,10242060,0,0,0,7497823,5,37489115,0,0,0
24139,https://www.zhcw.com/kjxx/dlt/kjxq/?kjData=24139,2024-11-30,星期六,05 12 20 23 24,05 07,24 20 23 12 05,07 05,346398503,965113949,9,8236640,74129760,6,6589312,39535872,0,0,0,0,0,0,160,105433,16869280,33,84346,2783418,0,0,0,0,0,0,252,10000,2520000,0,0,0,993,3000,2979000,0,0,0,20393,300,6117900,0,0,0,30517,200,6103400,0,0,0,42943,100,4294300,0,0,0,892610,15,13389150,0,0,0,9000048,5,45000240,0,0,0
24138,https://www.zhcw.com/kjxx/dlt/kjxq/?kjData=24138,2024-11-27,星期三,05 17 20 28 34,04 09,17 20 28 34 05,09 04,314640260,1009101191,3,10000000,30000000,1,8000000,8000000,0,0,0,0,0,0,79,190337,15036623,12,152269,1827228,0,0,0,0,0,0,183,10000,1830000,0,0,0,1198,3000,3594000,0,0,0,15801,300,4740300,0,0,0,33771,200,6754200,0,0,0,34243,100,3424300,0,0,0,850379,15,12755685,0,0,0,8884240,5,44421200,0,0,0
24137,https://www.zhcw.com/kjxx/dlt/kjxq/?kjData=24137,2024-11-25,星期一,08 15 16 17 21,02 05,16 17 21 15 08,05 02,314223012,987311038,3,10000000,30000000,2,8000000,16000000,0,0,0,0,0,0,119,104452,12429788,48,83561,4010928,0,0,0,0,0,0,248,10000,2480000,0,0,0,1069,3000,3207000,0,0,0,18351,300,5505300,0,0,0,30972,200,6194400,0,0,0,40830,100,4083000,0,0,0,885815,15,13287225,0,0,0,8896203,5,44481015,0,0,0
24136,https://www.zhcw.com/kjxx/dlt/kjxq/?kjData=24136,2024-11-23,星期六,01 17 20 29 34,07 08,29 17 01 34 20,08 07,339548742,975020596,1,10000000,10000000,0,0,0,0,0,0,0,0,0,105,165661,17394405,31,132528,4108368,0,0,0,0,0,0,161,10000,1610000,0,0,0,653,3000,1959000,0,0,0,15193,300,4557900,0,0,0,22197,200,4439400,0,0,0,33009,100,3300900,0,0,0,752387,15,11285805,0,0,0,8297121,5,41485605,0,0,0
24135,https://www.zhcw.com/kjxx/dlt/kjxq/?kjData=24135,2024-11-20,星期三,06 08 22 24 30,03 08,06 24 08 30 22,03 08,312278951,908783183,11,7341497,80756467,4,5873197,23492788,0,0,0,0,0,0,290,39797,11541130,97,31837,3088189,0,0,0,0,0,0,274,10000,2740000,0,0,0,1172,3000,3516000,0,0,0,19081,300,5724300,0,0,0,40499,200,8099800,0,0,0,36814,100,3681400,0,0,0,996190,15,14942850,0,0,0,9562764,5,47813820,0,0,0
24134,https://www.zhcw.com/kjxx/dlt/kjxq/?kjData=24134,2024-11-18,星期一,01 04 07 13 33,05 06,04 13 01 07 33,05 06,315446181,961163598,4,10000000,40000000,0,0,0,0,0,0,0,0,0,123,112009,13777107,39,89607,3494673,0,0,0,0,0,0,271,10000,2710000,0,0,0,842,3000,2526000,0,0,0,20617,300,6185100,0,0,0,25037,200,5007400,0,0,0,49752,100,4975200,0,0,0,836717,15,12550755,0,0,0,8421095,5,42105475,0,0,0
24133,https://www.zhcw.com/kjxx/dlt/kjxq/?kjData=24133,2024-11-16,星期六,08 10 14 22 29,04 06,10 08 22 29 14,04 06,340137954,939926813,6,10000000,60000000,1,8000000,8000000,0,0,0,0,0,0,105,148951,15639855,28,119160,3336480,0,0,0,0,0,0,249,10000,2490000,0,0,0,858,3000,2574000,0,0,0,22768,300,6830400,0,0,0,29241,200,5848200,0,0,0,51561,100,5156100,0,0,0,890346,15,13355190,0,0,0,8831505,5,44157525,0,0,0
24132,https://www.zhcw.com/kjxx/dlt/kjxq/?kjData=24132,2024-11-13,星期三,05 06 10 16 31,06 09,06 10 31 16 05,09 06,313339293,940646991,6,9953712,59722272,1,7962969,7962969,0,0,0,0,0,0,86,140888,12116368,24,112710,2705040,0,0,0,0,0,0,207,10000,2070000,0,0,0,1151,3000,3453000,0,0,0,18751,300,5625300,0,0,0,37970,200,7594000,0,0,0,37609,100,3760900,0,0,0,965234,15,14478510,0,0,0,9836811,5,49184055,0,0,0
24131,https://www.zhcw.com/kjxx/dlt/kjxq/?kjData=24131,2024-11-11,星期一,02 03 04 21 26,02 03,02 03 04 21 26,02 03,314078746,955783254,10,8892360,88923600,1,7113888,7113888,0,0,0,0,0,0,86,181338,15595068,20,145070,2901400,0,0,0,0,0,0,194,10000,1940000,0,0,0,921,3000,2763000,0,0,0,15317,300,4595100,0,0,0,26281,200,5256200,0,0,0,32326,100,3232600,0,0,0,760636,15,11409540,0,0,0,8125432,5,40627160,0,0,0
24130,https://www.zhcw.com/kjxx/dlt/kjxq/?kjData=24130,2024-11-09,星期六,11 21 25 31 32,04 10,32 31 25 21 11,10 04,324915160,986242258,6,10000000,60000000,2,8000000,16000000,0,0,0,0,0,0,113,132321,14952273,29,105856,3069824,0,0,0,0,0,0,304,10000,3040000,0,0,0,883,3000,2649000,0,0,0,20419,300,6125700,0,0,0,27305,200,5461000,0,0,0,53328,100,5332800,0,0,0,826931,15,12403965,0,0,0,8455407,5,42277035,0,0,0
24129,https://www.zhcw.com/kjxx/dlt/kjxq/?kjData=24129,2024-11-06,星期三,07 19 30 31 34,05 07,31 19 34 30 07,05 07,293942499,998345494,3,10000000,30000000,0,0,0,0,0,0,0,0,0,78,181532,14159496,23,145225,3340175,0,0,0,0,0,0,187,10000,1870000,0,0,0,679,3000,2037000,0,0,0,15817,300,4745100,0,0,0,23947,200,4789400,0,0,0,35079,100,3507900,0,0,0,709675,15,10645125,0,0,0,7378655,5,36893275,0,0,0
